dataset,uniqueness_mean,uniqueness_p90,density_mean,density_p90,outlier_mean,outlier_p90,entropy,cluster_sep,n_samples,n_features,disagree5,disagree20,risk,auc_shadow_model_xgboost,auc_loss_threshold_rf,auc_lira_xgboost,auc_lira_rf,auc_loss_threshold_xgboost,auc_shadow_model_rf,auc_shadow_model_mlp,auc_lira_mlp,auc_loss_threshold_mlp
adult,1.0168515206660549,1.86933464830342,1.5469974250425556,3.021575248651682,0.1530905835580436,0.2683546087454916,2.198098661968954,0.0454215295612812,48842.0,14.0,0.20446746652471234,0.21309733426149624,0.5807158906312873,0.5100218616493228,0.619958927689158,0.5565106640768278,0.8348746273156887,0.5071760922400157,0.6226558748793718,0.5184112017621174,0.5398633947315403,0.5169703713375429
bankmarketing,2.413192751628657,4.799226093292238,0.7048017688689511,1.461213110827004,0.1729557027111824,0.286327450743992,0.6694757639220072,0.0950107648968696,30000.0,60.0,0.13108666666666666,0.13762666666666667,0.5984552558724131,0.5154092805555556,0.6365444177777778,0.5949824695731378,0.8382239667274092,0.5176311422222222,0.6370113816666666,0.5308026183333334,0.5874264837733942,0.5280655422222222
breastw,0.978013625006428,2.321282819423247,2.825923365840386,6.618372224933682,0.1706131158579569,0.3696185703544685,2.264796037607574,0.5483446717262268,699.0,9.0,0.046065808297567956,0.053147353361945635,0.5463582701162026,0.5062433483422022,0.5511543184609087,0.5559274246797472,0.6651681515910142,0.5248628735161687,0.5523567335243552,0.5046786737617683,0.5349295097075228,0.5219033974621368
compas,0.4240250297863827,0.8394285728014012,5.190375866547005,11.817004659968784,0.1489426183550128,0.2849749097233988,2.2521077317438514,0.0405097119510173,6907.0,7.0,0.38966266106848124,0.40335891124945705,0.6678432352575684,0.604663494697846,0.7853373391482044,0.6951105325355706,0.9249837627814718,0.5983454968372542,0.7833824334084423,0.5318501102823239,0.5566850665975913,0.5302308810294112
covtype,1.0499763213555018,1.519442701339722,1.0938939007875694,1.546397275660267,0.1284426256211064,0.2436926793190529,1.010559629467829,-4.194989378447645e-05,30000.0,54.0,0.23857333333333333,0.322575,0.6735931462086437,0.5701293022222222,0.8043417977777778,0.7031428659386071,0.9770748491567078,0.5721928000000001,0.8032813022222223,0.5359099583333333,0.5556517335602569,0.5406137066666666
creditg,6.894446247339249,8.640538692474365,0.1509335741996815,0.192086496776082,0.2995051130570275,0.4829257255205779,0.670867646709323,0.0176178328692913,1000.0,74.0,0.3278,0.34235,0.7752301356008102,0.702884,0.8088019999999999,0.8466181878860224,0.9809443971540424,0.6791360000000001,0.820834,0.6856720000000001,0.7873926353672278,0.6647879999999999
digits,4.717080263807565,5.912272548675538,0.231222972204912,0.2976068415620738,0.1646019778929145,0.2787217097032283,2.41271250813381,0.1081455051898956,1797.0,64.0,0.04106844741235392,0.09707846410684474,0.6913411443462805,0.6042946134160451,0.7850420288813851,0.7641490817371094,0.9780608167100423,0.6094125866156654,0.781720316560593,0.5419362890219521,0.6109688644165201,0.546485701757211
electricity,0.4179553292391293,0.6545490804075431,3.344271720069849,6.192802659706396,0.1276756339397028,0.1965990888801639,1.8780333212672635,0.0269750673323869,30000.0,15.0,0.21476,0.26111,0.6133490392998796,0.5256205461111111,0.6992168044444445,0.5918643919061259,0.919480398399222,0.5258291088888889,0.6995754905555556,0.5192667588888888,0.521376752282457,0.5179111022222223
fashionmnist,15.309486268933616,23.008059692382815,0.0743763647234138,0.1064618296661383,0.1266583565267841,0.2348203381833019,3.272374258021425,0.0279048774391412,30000.0,784.0,0.19212,0.225195,0.6752072628651424,0.5838586138888888,0.6743070577777778,0.8313811004610175,0.9594531360390504,0.5794274711111111,0.6788478383333333,0.5544235022222224,0.6595474659528799,0.5556191800000001
gasdrift,1.0704007732169736,1.788604736328125,1.9597557167386648,3.677656875096216,0.0804765267360365,0.1726094968716545,3.039467574595247,-0.0930951386690139,13910.0,128.0,0.008871315600287562,0.026786484543493888,0.5734130761037971,0.529595145644616,0.6104110175251087,0.6046569463928905,0.7626416037148592,0.5265834953157326,0.611860414154669,0.5041845286609357,0.5090967191326435,0.5016878143927197
gowalla,0.1423621612162993,0.324996905905158,34.87059003009431,131.8361651920359,0.0697090474786835,0.1755314888185771,2.159181139619639,0.0914565473794937,107092.0,6.0,0.04935569416949912,0.06742380383221902,0.5099028919799623,0.5,0.5291100835258796,0.49934042794459815,0.5289475559126484,0.5,0.531860818720505,0.5000552559745556,0.4986935750389232,0.501118310702551
har,13.600440176265518,18.517619323730468,0.0790058510148673,0.1034204304175792,0.13694867250668,0.2459924485898116,3.510309300351478,0.0305618867278099,10299.0,561.0,0.06971550635984076,0.12073016797747355,0.6365416090839607,0.5499450454136632,0.7032711224915009,0.7071006223174428,0.9418113759716722,0.5600324315966716,0.6988450721885859,0.5119684470733312,0.5488886912135357,0.5070116734892438
ionosphere,3.2288687055097345,8.031858444213867,0.5805884085309184,1.1328652837474649,0.2197960035488112,0.5519781155388943,4.358640937375483,0.1644503325223922,351.0,34.0,0.16695156695156696,0.2168091168091168,0.6467097922553666,0.6026704545454545,0.6298863636363636,0.7111570680521846,0.8607058117151068,0.5395292207792207,0.7002313311688312,0.5722077922077922,0.6529124258556833,0.5510876623376624
jm1,0.642097521261695,1.316259050369263,7.744601563624668,30.346615677821735,0.06102094213751,0.1492738225147961,1.0982213841543644,0.2600789368152618,10885.0,21.0,0.24935231970601746,0.27111621497473587,0.6390704633314189,0.5744217637089281,0.6977657528967983,0.7099268833382443,0.9045402109155607,0.5759015976810353,0.6915247427770872,0.531996259656135,0.5419720167221307,0.5235849422868507
kc1,0.7419880158906019,1.9726896047592168,8.446241343737302,17.709553134308823,0.0753092324633327,0.1936595197216557,2.359848629475807,0.3507628440856933,2109.0,21.0,0.1876718824087245,0.20768136557610242,0.5940790526299602,0.5658524960205761,0.5840845526408086,0.699446446353811,0.7819947446274111,0.5546566004478538,0.5947975215158683,0.5209324442206175,0.5416331791694398,0.5033134886732555
letter,1.189204657138884,1.7220649480819703,1.0250026593443196,1.4873211427819666,0.1505489928081372,0.2394451581162106,3.091877906763914,0.0036259323824197,20000.0,16.0,0.08307,0.1727825,0.6145708219799823,0.5469960700000001,0.63764721,0.6986071487821759,0.8825459919338047,0.543266175,0.6387539775,0.5139793637500001,0.55114123585386,0.518200225
magic,0.8107164356373158,1.423551494566627,1.4935340707487388,2.093485224015663,0.1425631373172771,0.2773154842165743,4.264091550852002,0.1159143298864364,19020.0,10.0,0.2007781282860147,0.2198080967402734,0.624676657891466,0.5411295570217193,0.6864265353532338,0.6725410097031219,0.9262065359727099,0.5436526828254281,0.6832415944365386,0.5132149082652496,0.5392697128890044,0.516407384556187
mnist,16.20088208337625,23.61699028015137,0.0777900339760391,0.1203680321350597,0.1504157437114741,0.2642804841912717,1.2392445356935924,-0.0449775382876396,30000.0,784.0,0.09182,0.132045,0.65678178209255,0.5596855038888888,0.7161212444444445,0.7487530232893638,0.9756484847721074,0.5633064511111111,0.7123739905555556,0.5182227505555556,0.5948668657714798,0.5220577244444444
movielens,0.2282127360716076,0.3849840972439365,6.104595205162652,9.695966571159657,0.1013373680364415,0.2302195199243545,2.61180565747343,0.1228263899683952,6040.0,5.0,0.04728476821192053,0.0746274834437086,0.5294325555907425,0.5,0.5979561751677558,0.5106284453723081,0.5818560468683127,0.4992564470856541,0.5834182163063023,0.49998147011096006,0.5047036924977972,0.48709250690759187
mushroom,3.758007744390468,4.460205078125,0.276750659305817,0.3216704175545387,0.1922554772794161,0.2677946735611223,0.3789960646795315,0.0936391875147819,8124.0,138.0,0.0002461841457410143,0.0016248153618906942,0.5084414056319163,0.5,0.5159829389902111,0.5069292584627794,0.520519041743058,0.5008954327083335,0.5152513563158537,0.5010714419481784,0.5051850846677448,0.510138095851088
nhanes,1.4652511599810774,2.1112836437156663,0.760598658678397,1.0785623937645907,0.1754485860840042,0.3388192488765965,4.147034604334875,0.092079184949398,768.0,8.0,0.3104166666666667,0.33131510416666665,0.7167082129625775,0.6687028672960069,0.7736545138888888,0.8429371298511277,0.955113321543867,0.6756998697916666,0.7614508734809027,0.5554317898220487,0.6467862202595231,0.5705973307291666
nomao,3.2354274359939494,7.1669036865234395,0.7730069006750722,1.6811607009302716,0.1208109081730256,0.2511629733145283,0.9824634910542366,0.1242342516779899,30000.0,203.0,0.06282,0.082395,0.5602692633900508,0.5118956366666667,0.5754384688888889,0.574535068938687,0.7324833551692589,0.5102872177777777,0.5714406683333333,0.5136042094444444,0.5388426208469556,0.5138961244444444
optdigits,4.245279768268409,5.320828342437745,0.2560342421825983,0.3293948863728141,0.1660177666201373,0.2740687196771714,2.416668496780201,0.1112877652049064,5620.0,64.0,0.032348754448398576,0.06030249110320285,0.6408292095448683,0.5511609370448702,0.7112099644128114,0.6971508921202194,0.956639104140737,0.5560342447537393,0.7108427578171503,0.5110583705880118,0.5597005013752334,0.5136661136510429
pendigits,0.9268071616076616,1.360357105731964,1.1991374093054388,1.687256919385444,0.1893332621585005,0.3057105047670461,4.8354515711712605,0.1706946045160293,10992.0,16.0,0.009934497816593887,0.020906113537117903,0.5795622761350381,0.5265957367565455,0.6170534207490324,0.6116136510664824,0.7929340079771999,0.5399079772718124,0.610899323830061,0.4980860600749202,0.5122087736279548,0.506761533861334
phoneme,0.3490879697496611,0.569915498851496,3.682736986789476,5.8748688607125645,0.1548944531719829,0.274476075923038,4.72503758443538,0.0877517908811569,5404.0,5.0,0.14907475943745374,0.19808475203552925,0.6022648396438888,0.5514291987567397,0.6364294261289578,0.6722772845310881,0.8206153597285106,0.551778338385745,0.6375330888214503,0.514664600638505,0.5262623629126466,0.5093938968913561
purchase100,28.032370372125055,31.226607513427737,0.035971432755685,0.0405688308953376,0.2589748972932014,0.3464438733592866,0.7508582571332902,-0.0224675815552473,197324.0,600.0,0.8018010987006142,0.8211512537755165,0.8475979681449518,0.9120149481331629,0.9980816021125629,0.9924463042445856,0.999650156800599,0.9123584710576362,0.9979042768593336,0.6014449166286502,0.612943028067693,0.6015380094003431
satimage,1.475134278289267,2.1606936216354375,0.7422291161332671,0.9962560335565496,0.1829230617295356,0.3718784426227829,4.920683902631292,0.1890226453542709,6430.0,36.0,0.11359253499222395,0.14186625194401245,0.6107860241856797,0.5549333291409582,0.6024423326698094,0.7233530528903217,0.8720342749727626,0.5434202525583567,0.6160540840587352,0.5150799494012562,0.5650340378238694,0.504722904155047
segment,0.8592362087881152,1.3780885934829707,1.7925408768639717,3.1880119867414907,0.1108123843534785,0.2018454074802907,3.4997247267982803,0.1934427917003631,2310.0,19.0,0.06735930735930735,0.1201948051948052,0.5782509503884665,0.5350599688911377,0.5984854106932029,0.6147895778537035,0.7563727942708637,0.542654747849553,0.5984919697906712,0.5123113322463972,0.5365520761262272,0.5095406757744421
spambase,3.2217888806758497,5.936814785003662,0.7286902513396193,2.3544755791385232,0.0698166511773185,0.1374999165453996,0.9339064276880964,0.0440180450677871,4601.0,57.0,0.12114757661377962,0.15919365355357531,0.6096169222059236,0.5398191240103547,0.6611112370802864,0.6126904219864814,0.8513107984416072,0.5453098841713433,0.6523246981463636,0.5277030544375791,0.5636806214013017,0.5326024601779945
texas100,55.7272809960062,110.5421760559082,0.0282219356704148,0.0523906271429164,0.138344203320822,0.2256730441946349,0.0158494385803481,-0.2261146008968353,67330.0,6169.0,0.7162602109015298,0.7437583543739789,0.8175820869498366,0.62805771063732,0.9015734190387112,0.8378909130383649,0.9982677609537042,0.6263100407296722,0.9011660939712538,0.8064580246979212,0.8554494120720283,0.8030654074095528
vehicle,1.6376170845037374,1.9975935816764832,0.650670202689829,0.8100733884079507,0.1389917479023644,0.2228571450855471,4.519945240463077,-0.0131296468898653,846.0,18.0,0.32600472813238773,0.4067966903073286,0.7213133625012824,0.7004384420636118,0.7600472813238771,0.8917141881019197,0.9582392489602082,0.6933420518753248,0.7707379742803011,0.5532047627830035,0.6180249663879984,0.5460713467352972
